Circuit,Compound,StintLap,AvgDeltaFromFirstLap
Abu Dhabi,HARD,1,0.0
Abu Dhabi,HARD,2,-19.69804347826087
Abu Dhabi,HARD,3,-19.832391304347826
Abu Dhabi,HARD,4,-19.76721739130435
Abu Dhabi,HARD,5,-19.722826086956523
Abu Dhabi,HARD,6,-19.633913043478262
Abu Dhabi,HARD,7,-19.707434782608697
Abu Dhabi,HARD,8,-19.591
Abu Dhabi,HARD,9,-19.753999999999998
Abu Dhabi,HARD,10,-19.728954545454545
Abu Dhabi,HARD,11,-19.76209090909091
Abu Dhabi,HARD,12,-19.727045454545454
Abu Dhabi,HARD,13,-19.90068181818182
Abu Dhabi,HARD,14,-19.814318181818184
Abu Dhabi,HARD,15,-19.81068181818182
Abu Dhabi,HARD,16,-19.809545454545457
Abu Dhabi,HARD,17,-19.78968181818182
Abu Dhabi,HARD,18,-19.679285714285715
Abu Dhabi,HARD,19,-19.61775
Abu Dhabi,HARD,20,-19.555947368421055
Abu Dhabi,HARD,21,-19.518888888888892
Abu Dhabi,HARD,22,-19.589055555555557
Abu Dhabi,HARD,23,-17.75776470588235
Abu Dhabi,HARD,24,-19.127533333333336
Abu Dhabi,HARD,25,-18.813615384615385
Abu Dhabi,HARD,26,-18.866833333333336
Abu Dhabi,HARD,27,-18.38175
Abu Dhabi,HARD,28,-17.859222222222222
Abu Dhabi,HARD,29,-19.2775
Abu Dhabi,HARD,30,-18.953285714285716
Abu Dhabi,HARD,31,-20.913
Abu Dhabi,HARD,32,-20.801166666666663
Abu Dhabi,HARD,33,-21.084833333333336
Abu Dhabi,HARD,34,-20.864800000000002
Abu Dhabi,HARD,35,-20.710199999999997
Abu Dhabi,HARD,36,-20.682800000000004
Abu Dhabi,HARD,37,-20.39775
Abu Dhabi,HARD,38,-20.37266666666667
Abu Dhabi,HARD,39,-20.0265
Abu Dhabi,HARD,40,-18.256
Abu Dhabi,HARD,41,-17.548000000000002
Abu Dhabi,HARD,42,-17.200000000000003
Abu Dhabi,HARD,43,-18.548
Abu Dhabi,MEDIUM,1,0.0
Abu Dhabi,MEDIUM,2,-10.748040000000001
Abu Dhabi,MEDIUM,3,-11.23952
Abu Dhabi,MEDIUM,4,-10.726560000000001
Abu Dhabi,MEDIUM,5,-11.12848
Abu Dhabi,MEDIUM,6,-11.07624
Abu Dhabi,MEDIUM,7,-11.14552
Abu Dhabi,MEDIUM,8,-10.826880000000001
Abu Dhabi,MEDIUM,9,-10.80268
Abu Dhabi,MEDIUM,10,-10.661280000000001
Abu Dhabi,MEDIUM,11,-10.61116
Abu Dhabi,MEDIUM,12,-10.435720000000002
Abu Dhabi,MEDIUM,13,-10.449083333333332
Abu Dhabi,MEDIUM,14,-10.350652173913046
Abu Dhabi,MEDIUM,15,-10.7684
Abu Dhabi,MEDIUM,16,-12.646533333333336
Abu Dhabi,MEDIUM,17,-10.374642857142858
Abu Dhabi,MEDIUM,18,-12.161666666666667
Abu Dhabi,MEDIUM,19,-12.091199999999997
Abu Dhabi,MEDIUM,20,-12.14485714285714
Abu Dhabi,MEDIUM,21,-14.4885
Abu Dhabi,MEDIUM,22,-16.8288
Abu Dhabi,MEDIUM,23,-16.428999999999995
Abu Dhabi,MEDIUM,24,-15.003666666666666
Abu Dhabi,MEDIUM,25,-14.843333333333334
Abu Dhabi,MEDIUM,26,-21.386499999999998
Abu Dhabi,MEDIUM,27,-21.552
Abu Dhabi,MEDIUM,28,-20.286
Abu Dhabi,MEDIUM,29,-19.828999999999997
Abu Dhabi,SOFT,1,0.0
Abu Dhabi,SOFT,2,-16.82133333333333
Abu Dhabi,SOFT,3,-16.906666666666666
Abu Dhabi,SOFT,4,-17.502666666666666
Abu Dhabi,SOFT,5,-17.543666666666667
Abu Dhabi,SOFT,6,-17.224666666666664
Abu Dhabi,SOFT,7,-17.496666666666666
Abu Dhabi,SOFT,8,-17.05966666666667
Abu Dhabi,SOFT,9,-17.73766666666667
Abu Dhabi,SOFT,10,-17.391333333333332
Abu Dhabi,SOFT,11,-17.30666666666667
Abu Dhabi,SOFT,12,-16.439999999999998
Abu Dhabi,SOFT,13,-16.172333333333334
Abu Dhabi,SOFT,14,-12.924
Abu Dhabi,SOFT,15,-19.926
Abu Dhabi,SOFT,16,-19.665000000000006
Abu Dhabi,SOFT,17,-19.105999999999995
Abu Dhabi,SOFT,18,-19.203999999999997
Abu Dhabi,SOFT,19,-19.605000000000004
Abu Dhabi,SOFT,20,-18.964
Australia,HARD,1,0.0
Australia,HARD,2,-6.961355555555556
Australia,HARD,3,-9.358
Australia,HARD,4,-12.269454545454545
Australia,HARD,5,-12.843727272727273
Australia,HARD,6,-10.894595238095238
Australia,HARD,7,-11.663473684210524
Australia,HARD,8,-11.419473684210528
Australia,HARD,9,-2.3102972972972973
Australia,HARD,10,-3.666864864864864
Australia,HARD,11,-12.185972222222222
Australia,HARD,12,-12.243611111111111
Australia,HARD,13,-11.761027777777779
Australia,HARD,14,-9.466222222222221
Australia,HARD,15,-9.839111111111109
Australia,HARD,16,-9.284
Australia,HARD,17,-11.231083333333334
Australia,HARD,18,-13.238323529411765
Australia,HARD,19,-10.758323529411765
Australia,HARD,20,-11.526424242424243
Australia,HARD,21,-11.83696875
Australia,HARD,22,-12.32221875
Australia,HARD,23,-11.66625
Australia,HARD,24,-12.543437500000001
Australia,HARD,25,-12.560937500000001
Australia,HARD,26,-12.5099375
Australia,HARD,27,-12.6185625
Australia,HARD,28,-12.735687500000001
Australia,HARD,29,-12.74046875
Australia,HARD,30,-12.8445625
Australia,HARD,31,-12.96825
Australia,HARD,32,-13.0014375
Australia,HARD,33,-10.0468
Australia,HARD,34,-10.025720000000002
Australia,HARD,35,-10.234217391304348
Australia,HARD,36,-11.342578947368422
Australia,HARD,37,-11.47836842105263
Australia,HARD,38,-11.568611111111112
Australia,HARD,39,-11.938117647058823
Australia,HARD,40,-11.88594117647059
Australia,HARD,41,-11.931529411764707
Australia,HARD,42,-11.905375000000001
Australia,HARD,43,-12.206624999999999
Australia,HARD,44,-9.738333333333333
Australia,HARD,45,7.835538461538459
Australia,HARD,46,-18.693
Australia,HARD,47,-18.983999999999995
Australia,HARD,48,-19.096000000000004
Australia,HARD,49,-19.101
Australia,HARD,50,-18.932
Australia,HARD,51,-19.032
Australia,HARD,52,-3.251999999999996
Australia,MEDIUM,1,0.0
Australia,MEDIUM,2,1.5851290322580653
Australia,MEDIUM,3,8.980741935483872
Australia,MEDIUM,4,-8.108483870967742
Australia,MEDIUM,5,-13.149466666666665
Australia,MEDIUM,6,-14.867206896551725
Australia,MEDIUM,7,-9.257000000000001
Australia,MEDIUM,8,-9.64872222222222
Australia,MEDIUM,9,-6.595166666666664
Australia,MEDIUM,10,-7.708166666666667
Australia,MEDIUM,11,-8.191166666666666
Australia,MEDIUM,12,-8.187058823529412
Australia,MEDIUM,13,-8.695124999999999
Australia,MEDIUM,14,-6.823875
Australia,MEDIUM,15,-7.909
Australia,MEDIUM,16,-8.031923076923077
Australia,MEDIUM,17,-6.365749999999999
Australia,MEDIUM,18,-5.976400000000001
Australia,MEDIUM,19,-5.209285714285711
Australia,MEDIUM,20,-1.6402000000000012
Australia,MEDIUM,21,-9.177
Australia,MEDIUM,22,-9.213500000000003
Australia,MEDIUM,23,-9.283500000000004
Australia,MEDIUM,24,-9.275500000000001
Australia,MEDIUM,25,-9.469000000000001
Australia,MEDIUM,26,-8.709000000000003
Australia,MEDIUM,27,-1.6045000000000016
Australia,MEDIUM,28,-10.132000000000003
Australia,MEDIUM,29,-10.156000000000006
Australia,MEDIUM,30,-10.340000000000003
Australia,MEDIUM,31,-10.354
Australia,MEDIUM,32,-10.591000000000008
Australia,MEDIUM,33,-10.103000000000009
Australia,MEDIUM,34,-9.25200000000001
Australia,MEDIUM,35,-10.650000000000006
Australia,MEDIUM,36,4.256999999999991
Australia,SOFT,1,0.0
Australia,SOFT,2,7.171999999999997
Australia,SOFT,3,4.350999999999992
Australia,SOFT,4,-16.432000000000002
Australia,SOFT,5,-16.674999999999997
Australia,SOFT,6,-16.981500000000004
Australia,SOFT,7,-10.531500000000008
Australia,SOFT,8,17.007999999999996
Austria,HARD,1,0.0
Austria,HARD,2,-12.018318181818183
Austria,HARD,3,-11.779800000000002
Austria,HARD,4,-11.569850000000002
Austria,HARD,5,-11.629000000000001
Austria,HARD,6,-10.97321052631579
Austria,HARD,7,-10.939052631578948
Austria,HARD,8,-10.737157894736844
Austria,HARD,9,-10.670263157894738
Austria,HARD,10,-10.64421052631579
Austria,HARD,11,-10.635789473684213
Austria,HARD,12,-10.587684210526316
Austria,HARD,13,-10.280157894736845
Austria,HARD,14,-10.518052631578948
Austria,HARD,15,-10.670578947368423
Austria,HARD,16,-10.432210526315792
Austria,HARD,17,-10.552631578947372
Austria,HARD,18,-10.628368421052633
Austria,HARD,19,-10.52063157894737
Austria,HARD,20,-10.071000000000002
Austria,HARD,21,-9.396055555555558
Austria,HARD,22,-11.202823529411766
Austria,HARD,23,-9.710764705882355
Austria,HARD,24,-8.547125000000001
Austria,HARD,25,-11.3646
Austria,HARD,26,-10.620333333333333
Austria,HARD,27,-9.512214285714284
Austria,HARD,28,-7.4944615384615405
Austria,HARD,29,-7.448153846153848
Austria,HARD,30,-8.374166666666666
Austria,HARD,31,-10.068500000000002
Austria,HARD,32,-7.784916666666665
Austria,HARD,33,-11.488000000000001
Austria,HARD,34,-11.637545454545455
Austria,HARD,35,-11.036181818181818
Austria,HARD,36,-13.119
Austria,HARD,37,-13.072300000000002
Austria,HARD,38,-13.068900000000003
Austria,HARD,39,-12.807800000000004
Austria,HARD,40,-13.1778
Austria,HARD,41,-10.588600000000001
Austria,HARD,42,-6.910000000000004
Austria,HARD,43,-7.5797
Austria,HARD,44,-5.605300000000002
Austria,HARD,45,-4.294222222222225
Austria,HARD,46,-9.227888888888891
Austria,HARD,47,-7.1675555555555555
Austria,HARD,48,-11.513555555555557
Austria,HARD,49,-12.341444444444445
Austria,HARD,50,-12.361111111111112
Austria,HARD,51,-12.124000000000002
Austria,HARD,52,-12.064111111111112
Austria,HARD,53,-11.98877777777778
Austria,HARD,54,-12.094000000000003
Austria,HARD,55,-11.478875
Austria,HARD,56,-9.52216666666667
Austria,HARD,57,-7.782000000000002
Austria,HARD,58,-18.2025
Austria,HARD,59,-17.858000000000004
Austria,HARD,60,-35.21700000000001
Austria,MEDIUM,1,0.0
Austria,MEDIUM,2,-11.009
Austria,MEDIUM,3,-11.689956521739132
Austria,MEDIUM,4,-11.741782608695651
Austria,MEDIUM,5,-11.62986956521739
Austria,MEDIUM,6,-11.379521739130434
Austria,MEDIUM,7,-11.503636363636366
Austria,MEDIUM,8,-11.444590909090909
Austria,MEDIUM,9,-11.429227272727273
Austria,MEDIUM,10,-11.30859090909091
Austria,MEDIUM,11,-10.991272727272728
Austria,MEDIUM,12,-11.211300000000001
Austria,MEDIUM,13,-11.612687500000002
Austria,MEDIUM,14,-10.397785714285716
Austria,MEDIUM,15,-10.73723076923077
Austria,MEDIUM,16,-11.046833333333334
Austria,MEDIUM,17,-12.707899999999999
Austria,MEDIUM,18,-12.6466
Austria,MEDIUM,19,-11.055300000000003
Austria,MEDIUM,20,-10.9847
Austria,MEDIUM,21,-13.127299999999996
Austria,MEDIUM,22,-11.2593
Austria,MEDIUM,23,-6.741499999999999
Austria,MEDIUM,24,-10.8342
Austria,MEDIUM,25,-11.593699999999998
Austria,MEDIUM,26,-13.267000000000001
Austria,MEDIUM,27,-14.142444444444445
Austria,MEDIUM,28,-13.350124999999998
Austria,MEDIUM,29,-13.18657142857143
Austria,MEDIUM,30,-13.369666666666667
Austria,MEDIUM,31,-9.594666666666667
Austria,MEDIUM,32,-19.453999999999997
Austria,MEDIUM,33,-15.722
Austria,MEDIUM,34,-15.481
Austria,MEDIUM,35,-19.7452
Austria,MEDIUM,36,-19.72475
Austria,MEDIUM,37,-14.648000000000003
Austria,MEDIUM,38,-14.98525
Austria,MEDIUM,39,-19.974000000000004
Austria,MEDIUM,40,-19.725500000000004
Austria,MEDIUM,41,-19.764
Austria,MEDIUM,42,-20.313666666666666
Austria,MEDIUM,43,-19.817333333333337
Austria,MEDIUM,44,-19.468000000000004
Austria,MEDIUM,45,-19.134500000000003
Austria,MEDIUM,46,-19.752500000000005
Austria,MEDIUM,47,-18.540000000000006
Austria,MEDIUM,48,-18.565
Austria,MEDIUM,49,-18.414
Austria,MEDIUM,50,-18.655
Bahrain,HARD,1,0.0
Bahrain,HARD,2,-19.050073170731707
Bahrain,HARD,3,-18.921219512195123
Bahrain,HARD,4,-18.8371
Bahrain,HARD,5,-18.263399999999997
Bahrain,HARD,6,-18.51525
Bahrain,HARD,7,-17.430315789473685
Bahrain,HARD,8,-19.46989189189189
Bahrain,HARD,9,-20.0655
Bahrain,HARD,10,-18.01913888888889
Bahrain,HARD,11,-17.624000000000002
Bahrain,HARD,12,-19.28635294117647
Bahrain,HARD,13,-18.48921212121212
Bahrain,HARD,14,-18.818451612903225
Bahrain,HARD,15,-19.31657142857143
Bahrain,HARD,16,-19.67925
Bahrain,HARD,17,-20.929842105263155
Bahrain,HARD,18,-20.438823529411767
Bahrain,HARD,19,-21.168416666666666
Bahrain,HARD,20,-20.3875
Bahrain,HARD,21,-20.79422222222222
Bahrain,HARD,22,-20.896625000000004
Bahrain,HARD,23,-20.736874999999998
Bahrain,HARD,24,-20.506000000000004
Bahrain,HARD,25,-20.53916666666667
Bahrain,HARD,26,-20.625833333333336
Bahrain,HARD,27,-20.561
Bahrain,HARD,28,-20.661499999999997
Bahrain,HARD,29,-20.922
Bahrain,MEDIUM,1,0.0
Bahrain,MEDIUM,2,-21.568208333333335
Bahrain,MEDIUM,3,-21.551041666666666
Bahrain,MEDIUM,4,-21.539666666666665
Bahrain,MEDIUM,5,-21.147875000000003
Bahrain,MEDIUM,6,-21.30816666666667
Bahrain,MEDIUM,7,-20.39113043478261
Bahrain,MEDIUM,8,-19.87418181818182
Bahrain,MEDIUM,9,-19.244619047619047
Bahrain,MEDIUM,10,-18.9584
Bahrain,MEDIUM,11,-18.19511111111111
Bahrain,MEDIUM,12,-16.938529411764705
Bahrain,MEDIUM,13,-19.018285714285714
Bahrain,MEDIUM,14,-18.66723076923077
Bahrain,MEDIUM,15,-16.174181818181818
Bahrain,MEDIUM,16,-18.4117
Bahrain,MEDIUM,17,-17.098
Bahrain,MEDIUM,18,-17.84985714285714
Bahrain,MEDIUM,19,-17.6072
Bahrain,MEDIUM,20,-17.933999999999997
Bahrain,MEDIUM,21,-17.771999999999995
Bahrain,MEDIUM,22,-16.000999999999994
Bahrain,MEDIUM,23,-11.811499999999988
Bahrain,MEDIUM,24,-4.3289999999999935
Bahrain,SOFT,1,0.0
Bahrain,SOFT,2,-12.223451219512194
Bahrain,SOFT,3,-11.375160493827162
Bahrain,SOFT,4,-12.574123456790124
Bahrain,SOFT,5,-14.347024999999999
Bahrain,SOFT,6,-14.0026375
Bahrain,SOFT,7,-13.8737
Bahrain,SOFT,8,-14.013662337662339
Bahrain,SOFT,9,-13.865597402597404
Bahrain,SOFT,10,-13.059824324324326
Bahrain,SOFT,11,-12.073476923076925
Bahrain,SOFT,12,-12.426754716981131
Bahrain,SOFT,13,-12.296847826086957
Bahrain,SOFT,14,-12.971775
Bahrain,SOFT,15,-16.3077
Bahrain,SOFT,16,-19.79790909090909
Bahrain,SOFT,17,-19.142
Bahrain,SOFT,18,-16.61381818181818
Bahrain,SOFT,19,-17.314857142857143
Bahrain,SOFT,20,-18.8318
Bahrain,SOFT,21,-19.85166666666667
Bahrain,SOFT,22,-17.553000000000004
Belgium,HARD,1,0.0
Belgium,HARD,2,-3.6613333333333355
Belgium,HARD,3,-3.5462666666666687
Belgium,HARD,4,-3.2478666666666687
Belgium,HARD,5,-3.122800000000004
Belgium,HARD,6,-3.024600000000001
Belgium,HARD,7,-3.025000000000003
Belgium,HARD,8,-2.9286000000000003
Belgium,HARD,9,-2.8662666666666703
Belgium,HARD,10,-2.6222000000000008
Belgium,HARD,11,-2.4436000000000018
Belgium,HARD,12,-3.2218571428571456
Belgium,HARD,13,-2.8616428571428565
Belgium,HARD,14,-2.982071428571431
Belgium,HARD,15,-1.6370000000000005
Belgium,HARD,16,-2.9853750000000012
Belgium,HARD,17,-3.038625
Belgium,HARD,18,-0.906666666666669
Belgium,HARD,19,-2.323000000000003
Belgium,MEDIUM,1,0.0
Belgium,MEDIUM,2,-10.746029411764708
Belgium,MEDIUM,3,-10.50173529411765
Belgium,MEDIUM,4,-10.436617647058824
Belgium,MEDIUM,5,-10.007235294117649
Belgium,MEDIUM,6,-9.783264705882354
Belgium,MEDIUM,7,-9.449852941176474
Belgium,MEDIUM,8,-9.663499999999999
Belgium,MEDIUM,9,-9.657866666666667
Belgium,MEDIUM,10,-9.75264285714286
Belgium,MEDIUM,11,-9.122192307692309
Belgium,MEDIUM,12,-11.646777777777778
Belgium,MEDIUM,13,-11.659400000000002
Belgium,MEDIUM,14,-11.193307692307693
Belgium,MEDIUM,15,-11.140625
Belgium,MEDIUM,16,-10.131666666666668
Belgium,MEDIUM,17,-8.997750000000007
Belgium,MEDIUM,18,-8.905333333333337
Belgium,MEDIUM,19,-6.588000000000001
Belgium,MEDIUM,20,-6.269999999999996
Belgium,MEDIUM,21,-4.168499999999995
Belgium,MEDIUM,22,-12.462999999999994
Belgium,SOFT,1,0.0
Belgium,SOFT,2,-8.324399999999999
Belgium,SOFT,3,-10.246249999999996
Belgium,SOFT,4,-10.931749999999997
Belgium,SOFT,5,-10.490749999999995
Belgium,SOFT,6,-9.658999999999995
Belgium,SOFT,7,-9.1845
Belgium,SOFT,8,-8.995499999999996
Belgium,SOFT,9,-8.256999999999998
Belgium,SOFT,10,-11.563499999999998
Belgium,SOFT,11,-11.560499999999998
Belgium,SOFT,12,-9.677999999999997
Belgium,SOFT,13,-13.060999999999993
Belgium,SOFT,14,-13.50399999999999
Belgium,SOFT,15,-13.21499999999999
Belgium,SOFT,16,-12.670999999999992
Brazil,HARD,1,0.0
Brazil,HARD,2,-12.497999999999998
Brazil,HARD,3,-9.703499999999991
Brazil,HARD,4,-6.404999999999994
Brazil,HARD,5,-24.045999999999992
Brazil,HARD,6,-24.00099999999999
Brazil,HARD,7,-23.821
Brazil,HARD,8,-23.944999999999997
Brazil,HARD,9,-23.340999999999998
Brazil,HARD,10,-23.506
Brazil,HARD,11,-23.812
Brazil,HARD,12,-19.538
Brazil,MEDIUM,1,0.0
Brazil,MEDIUM,2,-12.407666666666666
Brazil,MEDIUM,3,-11.7375
Brazil,MEDIUM,4,-11.458466666666668
Brazil,MEDIUM,5,-12.692399999999997
Brazil,MEDIUM,6,-12.258666666666665
Brazil,MEDIUM,7,-18.657266666666665
Brazil,MEDIUM,8,-19.584931034482757
Brazil,MEDIUM,9,-19.543310344827585
Brazil,MEDIUM,10,-20.883586206896553
Brazil,MEDIUM,11,-21.455758620689654
Brazil,MEDIUM,12,-20.164241379310344
Brazil,MEDIUM,13,-21.79172413793103
Brazil,MEDIUM,14,-21.49406896551724
Brazil,MEDIUM,15,-22.864333333333335
Brazil,MEDIUM,16,-22.551518518518517
Brazil,MEDIUM,17,-20.592125
Brazil,MEDIUM,18,-22.048761904761903
Brazil,MEDIUM,19,-21.567
Brazil,MEDIUM,20,-19.732647058823527
Brazil,MEDIUM,21,-18.87592857142857
Brazil,MEDIUM,22,-18.78077777777777
Brazil,MEDIUM,23,-19.147999999999996
Brazil,MEDIUM,24,-18.91828571428571
Brazil,MEDIUM,25,-19.726333333333326
Brazil,MEDIUM,26,-22.7295
Brazil,MEDIUM,27,-27.26299999999999
Brazil,MEDIUM,28,-27.077
Brazil,MEDIUM,29,-22.762
Brazil,SOFT,1,0.0
Brazil,SOFT,2,-6.907633333333334
Brazil,SOFT,3,-4.549366666666669
Brazil,SOFT,4,-2.469566666666667
Brazil,SOFT,5,-2.0830666666666673
Brazil,SOFT,6,1.212655172413793
Brazil,SOFT,7,-12.556379310344827
Brazil,SOFT,8,-15.258607142857144
Brazil,SOFT,9,-13.227678571428571
Brazil,SOFT,10,-12.663714285714288
Brazil,SOFT,11,-13.772892857142859
Brazil,SOFT,12,-16.602642857142857
Brazil,SOFT,13,-16.735714285714288
Brazil,SOFT,14,-17.32117857142857
Brazil,SOFT,15,-20.042703703703705
Brazil,SOFT,16,-21.07374074074074
Brazil,SOFT,17,-20.45526923076923
Brazil,SOFT,18,-21.073760000000004
Brazil,SOFT,19,-20.829375000000002
Brazil,SOFT,20,-17.68955
Brazil,SOFT,21,-17.463000000000005
Brazil,SOFT,22,-17.199210526315795
Brazil,SOFT,23,-19.239470588235296
Brazil,SOFT,24,-19.235500000000002
Brazil,SOFT,25,-19.28357142857143
Brazil,SOFT,26,-17.718
Brazil,SOFT,27,-16.99533333333333
Brazil,SOFT,28,-16.607
Brazil,SOFT,29,-14.594999999999999
Brazil,SOFT,30,-19.111000000000004
Brazil,SOFT,31,-18.38300000000001
Brazil,SOFT,32,-19.27500000000001
Brazil,SOFT,33,-19.063
Brazil,SOFT,34,-18.94
Canada,HARD,1,0.0
Canada,HARD,2,-5.57356896551724
Canada,HARD,3,-8.393620689655172
Canada,HARD,4,-8.469155172413792
Canada,HARD,5,-12.363258620689656
Canada,HARD,6,-14.710258620689656
Canada,HARD,7,-14.651362068965517
Canada,HARD,8,-13.993298245614035
Canada,HARD,9,-13.316894736842105
Canada,HARD,10,-14.67978947368421
Canada,HARD,11,-14.26256140350877
Canada,HARD,12,-14.332754385964911
Canada,HARD,13,-13.089175438596492
Canada,HARD,14,-12.38180701754386
Canada,HARD,15,-15.998732142857142
Canada,HARD,16,-16.727696428571427
Canada,HARD,17,-16.930363636363637
Canada,HARD,18,-16.8186
Canada,HARD,19,-15.776145454545455
Canada,HARD,20,-15.2445
Canada,HARD,21,-14.737708333333332
Canada,HARD,22,-15.641425531914894
Canada,HARD,23,-13.584800000000001
Canada,HARD,24,-13.949707317073168
Canada,HARD,25,-14.274475
Canada,HARD,26,-13.89478947368421
Canada,HARD,27,-13.168777777777779
Canada,HARD,28,-11.527800000000001
Canada,HARD,29,-10.603575757575756
Canada,HARD,30,-6.383322580645161
Canada,HARD,31,-9.374407407407407
Canada,HARD,32,-10.35248
Canada,HARD,33,-11.185
Canada,HARD,34,-9.736714285714285
Canada,HARD,35,-10.570882352941174
Canada,HARD,36,-12.604642857142855
Canada,HARD,37,-12.595428571428569
Canada,HARD,38,-11.681166666666664
Canada,HARD,39,-14.227888888888888
Canada,HARD,40,-13.990999999999996
Canada,HARD,41,-10.824777777777774
Canada,HARD,42,-9.550142857142855
Canada,HARD,43,-8.800428571428567
Canada,HARD,44,-8.804
Canada,HARD,45,-15.316999999999998
Canada,HARD,46,-16.76733333333333
Canada,HARD,47,-9.878166666666665
Canada,HARD,48,-16.804799999999997
Canada,HARD,49,-8.022599999999999
Canada,HARD,50,-17.77975
Canada,HARD,51,-20.13533333333334
Canada,HARD,52,-20.251666666666665
Canada,HARD,53,-20.313666666666663
Canada,HARD,54,-20.531000000000002
Canada,HARD,55,-20.403000000000002
Canada,HARD,56,-20.38233333333333
Canada,HARD,57,-20.323333333333327
Canada,HARD,58,-20.320666666666668
Canada,HARD,59,-6.241999999999997
Canada,HARD,60,-6.099000000000005
Canada,HARD,61,-6.269999999999996
Canada,HARD,62,-6.039499999999997
Canada,HARD,63,-5.949000000000005
Canada,HARD,64,-1.106999999999999
Canada,HARD,65,-1.2960000000000065
Canada,HARD,66,-1.4510000000000076
Canada,HARD,67,-1.2650000000000006
Canada,HARD,68,-1.1600000000000108
Canada,MEDIUM,1,0.0
Canada,MEDIUM,2,-7.651523809523811
Canada,MEDIUM,3,-6.8975238095238085
Canada,MEDIUM,4,-6.376357142857144
Canada,MEDIUM,5,-9.051190476190477
Canada,MEDIUM,6,-9.61965
Canada,MEDIUM,7,-7.607641025641026
Canada,MEDIUM,8,-2.969631578947368
Canada,MEDIUM,9,1.737184210526317
Canada,MEDIUM,10,-3.6270000000000007
Canada,MEDIUM,11,-7.684676470588236
Canada,MEDIUM,12,-0.4144000000000003
Canada,MEDIUM,13,-6.194318181818182
Canada,MEDIUM,14,-7.191090909090908
Canada,MEDIUM,15,-10.322772727272728
Canada,MEDIUM,16,-10.487727272727273
Canada,MEDIUM,17,-10.749714285714285
Canada,MEDIUM,18,-9.256190476190476
Canada,MEDIUM,19,-6.507777777777779
Canada,MEDIUM,20,-6.448571428571428
Canada,MEDIUM,21,-6.4532000000000025
Canada,MEDIUM,22,-6.340200000000001
Canada,MEDIUM,23,-6.1591000000000005
Canada,MEDIUM,24,-5.267555555555557
Canada,MEDIUM,25,-5.214111111111113
Canada,MEDIUM,26,-5.327666666666668
Canada,MEDIUM,27,-5.1395555555555585
Canada,MEDIUM,28,-3.33944444444445
Canada,MEDIUM,29,-6.596199999999999
Canada,MEDIUM,30,-6.547200000000001
Canada,MEDIUM,31,-3.353500000000004
Canada,MEDIUM,32,-8.685333333333338
Canada,MEDIUM,33,-8.680666666666667
Canada,MEDIUM,34,-8.234333333333334
Canada,MEDIUM,35,-11.980999999999995
Canada,MEDIUM,36,-3.593499999999998
Canada,MEDIUM,37,5.435000000000002
Canada,SOFT,1,0.0
Canada,SOFT,2,-9.320999999999998
Canada,SOFT,3,-12.570999999999998
Canada,SOFT,4,-12.757000000000003
Canada,SOFT,5,-12.308000000000009
Canada,SOFT,6,-12.973
Canada,SOFT,7,-12.164
Canada,SOFT,8,2.570999999999998
Canada,SOFT,9,-12.596999999999994
Canada,SOFT,10,8.844999999999999
Hungary,HARD,1,0.0
Hungary,HARD,2,-21.33777777777778
Hungary,HARD,3,-21.587555555555557
Hungary,HARD,4,-22.24266666666667
Hungary,HARD,5,-22.335222222222225
Hungary,HARD,6,-21.992888888888892
Hungary,HARD,7,-22.041666666666668
Hungary,HARD,8,-21.781111111111116
Hungary,HARD,9,-21.956111111111113
Hungary,HARD,10,-21.878444444444444
Hungary,HARD,11,-22.164
Hungary,HARD,12,-22.281333333333333
Hungary,HARD,13,-22.343
Hungary,HARD,14,-22.083333333333336
Hungary,HARD,15,-21.294555555555558
Hungary,HARD,16,-22.015375000000002
Hungary,HARD,17,-22.0365
Hungary,HARD,18,-22.366500000000002
Hungary,HARD,19,-22.444625000000006
Hungary,HARD,20,-21.381875000000004
Hungary,HARD,21,-18.93357142857143
Hungary,HARD,22,-19.974857142857143
Hungary,HARD,23,-21.307
Hungary,HARD,24,-21.287333333333336
Hungary,HARD,25,-20.293200000000002
Hungary,HARD,26,-17.231200000000005
Hungary,HARD,27,-20.7608
Hungary,HARD,28,-20.5698
Hungary,HARD,29,-21.67
Hungary,HARD,30,-21.072
Hungary,HARD,31,-21.35666666666667
Hungary,HARD,32,-20.530666666666665
Hungary,HARD,33,-21.459
Hungary,HARD,34,-21.414000000000005
Hungary,HARD,35,-21.139
Hungary,HARD,36,-20.49833333333334
Hungary,HARD,37,-19.69633333333333
Hungary,HARD,38,-21.251333333333335
Hungary,HARD,39,-20.642
Hungary,HARD,40,-21.497500000000002
Hungary,HARD,41,-21.633500000000005
Hungary,HARD,42,-21.788000000000004
Hungary,HARD,43,-21.819500000000005
Hungary,HARD,44,-12.458500000000003
Hungary,HARD,45,-12.428000000000004
Hungary,HARD,46,-10.721000000000004
Hungary,HARD,47,-1.0570000000000022
Hungary,HARD,48,-13.277999999999992
Hungary,MEDIUM,1,0.0
Hungary,MEDIUM,2,-8.705225806451612
Hungary,MEDIUM,3,-16.701516129032257
Hungary,MEDIUM,4,-18.178741935483874
Hungary,MEDIUM,5,-18.052225806451613
Hungary,MEDIUM,6,-17.84264516129032
Hungary,MEDIUM,7,-17.837066666666665
Hungary,MEDIUM,8,-18.102899999999998
Hungary,MEDIUM,9,-18.0649
Hungary,MEDIUM,10,-17.96806666666667
Hungary,MEDIUM,11,-17.945866666666667
Hungary,MEDIUM,12,-17.712266666666665
Hungary,MEDIUM,13,-17.7805
Hungary,MEDIUM,14,-17.8257
Hungary,MEDIUM,15,-17.843966666666667
Hungary,MEDIUM,16,-17.8007
Hungary,MEDIUM,17,-17.5607
Hungary,MEDIUM,18,-17.944827586206895
Hungary,MEDIUM,19,-17.42337037037037
Hungary,MEDIUM,20,-17.751583333333333
Hungary,MEDIUM,21,-16.646217391304347
Hungary,MEDIUM,22,-17.664947368421053
Hungary,MEDIUM,23,-18.460944444444447
Hungary,MEDIUM,24,-19.102133333333335
Hungary,MEDIUM,25,-19.30407142857143
Hungary,MEDIUM,26,-15.53014285714286
Hungary,MEDIUM,27,-17.534000000000002
Hungary,MEDIUM,28,-18.332250000000002
Hungary,MEDIUM,29,-16.848
Hungary,MEDIUM,30,-14.839444444444442
Hungary,MEDIUM,31,-13.533428571428571
Hungary,MEDIUM,32,-8.67925
Hungary,SOFT,1,0.0
Hungary,SOFT,2,-8.030863636363637
Hungary,SOFT,3,-19.535000000000004
Hungary,SOFT,4,-20.887700000000002
Hungary,SOFT,5,-21.01885
Hungary,SOFT,6,-21.010150000000003
Hungary,SOFT,7,-21.21475
Hungary,SOFT,8,-21.11795
Hungary,SOFT,9,-20.908099999999997
Hungary,SOFT,10,-20.165799999999997
Hungary,SOFT,11,-19.436349999999997
Hungary,SOFT,12,-20.37095
Hungary,SOFT,13,-19.95045
Hungary,SOFT,14,-17.645555555555553
Hungary,SOFT,15,-17.7784375
Hungary,SOFT,16,-16.90028571428571
Hungary,SOFT,17,-18.525799999999997
Hungary,SOFT,18,-18.951874999999998
Hungary,SOFT,19,-19.1382
Hungary,SOFT,20,-19.71775
Hungary,SOFT,21,-4.694999999999998
Hungary,SOFT,22,-11.381749999999997
Hungary,SOFT,23,-17.86375
Hungary,SOFT,24,-19.086
Hungary,SOFT,25,-18.494
Hungary,SOFT,26,-10.744
Hungary,SOFT,27,4.674000000000007
Hungary,SOFT,28,-16.25
Hungary,SOFT,29,-16.385999999999996
Italy,HARD,1,0.0
Italy,HARD,2,-22.0118
Italy,HARD,3,-21.9985
Italy,HARD,4,-21.261200000000002
Italy,HARD,5,-20.849000000000004
Italy,HARD,6,-22.1359
Italy,HARD,7,-22.184700000000003
Italy,HARD,8,-22.306
Italy,HARD,9,-22.333199999999998
Italy,HARD,10,-22.323
Italy,HARD,11,-22.2488
Italy,HARD,12,-22.328100000000003
Italy,HARD,13,-22.2537
Italy,HARD,14,-22.102
Italy,HARD,15,-22.263600000000004
Italy,HARD,16,-22.1123
Italy,HARD,17,-22.142100000000003
Italy,HARD,18,-21.9459
Italy,HARD,19,-22.115900000000003
Italy,HARD,20,-22.450200000000002
Italy,HARD,21,-21.5667
Italy,HARD,22,-21.383111111111113
Italy,HARD,23,-21.94325
Italy,HARD,24,-21.006000000000004
Italy,HARD,25,-21.833714285714287
Italy,HARD,26,-21.237714285714283
Italy,HARD,27,-21.3335
Italy,HARD,28,-12.625166666666665
Italy,HARD,29,-6.155799999999996
Italy,HARD,30,-6.164999999999997
Italy,HARD,31,-7.703199999999998
Italy,HARD,32,-0.1928000000000029
Italy,HARD,33,-18.165
Italy,HARD,34,-12.108249999999995
Italy,HARD,35,2.883333333333334
Italy,MEDIUM,1,0.0
Italy,MEDIUM,2,-8.137333333333332
Italy,MEDIUM,3,-9.009388888888887
Italy,MEDIUM,4,-9.5185
Italy,MEDIUM,5,-9.701777777777776
Italy,MEDIUM,6,-9.688
Italy,MEDIUM,7,-9.390333333333334
Italy,MEDIUM,8,-9.561294117647057
Italy,MEDIUM,9,-9.53129411764706
Italy,MEDIUM,10,-9.57023529411765
Italy,MEDIUM,11,-9.562375
Italy,MEDIUM,12,8.756
Italy,MEDIUM,13,-9.60525
Italy,MEDIUM,14,-9.727374999999999
Italy,MEDIUM,15,-9.434874999999998
Italy,MEDIUM,16,-9.876933333333332
Italy,MEDIUM,17,-9.907933333333334
Italy,MEDIUM,18,-8.962933333333332
Italy,MEDIUM,19,-10.403333333333334
Italy,MEDIUM,20,-11.8019
Italy,MEDIUM,21,-11.4805
Italy,MEDIUM,22,-11.07611111111111
Italy,MEDIUM,23,-8.010777777777776
Italy,MEDIUM,24,-9.100124999999998
Italy,MEDIUM,25,-10.297999999999998
Italy,MEDIUM,26,-10.344142857142858
Italy,MEDIUM,27,-10.287999999999997
Italy,MEDIUM,28,-6.8548571428571465
Italy,MEDIUM,29,-5.789142857142859
Italy,MEDIUM,30,-7.255142857142857
Italy,MEDIUM,31,-3.6583333333333314
Italy,MEDIUM,32,-10.632199999999997
Italy,MEDIUM,33,-9.384
Italy,MEDIUM,34,-0.6869999999999971
Italy,MEDIUM,35,-4.064999999999998
Italy,SOFT,1,0.0
Italy,SOFT,2,-7.374550000000002
Italy,SOFT,3,-9.551789473684213
Italy,SOFT,4,-11.493437499999999
Italy,SOFT,5,-10.58923076923077
Italy,SOFT,6,-11.48141666666667
Italy,SOFT,7,-11.166583333333335
Italy,SOFT,8,-11.311750000000002
Italy,SOFT,9,-13.67816666666667
Italy,SOFT,10,-14.298833333333334
Italy,SOFT,11,-10.875333333333336
Italy,SOFT,12,0.8169999999999992
Italy,SOFT,13,-9.862777777777783
Italy,SOFT,14,-7.0308888888888905
Italy,SOFT,15,2.5539999999999976
Italy,SOFT,16,0.3149999999999977
Italy,SOFT,17,-0.2640000000000019
Italy,SOFT,18,-7.9435
Italy,SOFT,19,-7.613499999999999
Italy,SOFT,20,5.661000000000001
Italy,SOFT,21,-3.9864999999999995
Italy,SOFT,22,-3.819500000000005
Italy,SOFT,23,-1.9370000000000047
Italy,SOFT,24,-5.027000000000001
Italy,SOFT,25,-1.1149999999999949
Japan,INTERMEDIATE,1,0.0
Japan,INTERMEDIATE,2,-23.721826086956522
Japan,INTERMEDIATE,3,-23.390565217391302
Japan,INTERMEDIATE,4,-23.64608695652174
Japan,INTERMEDIATE,5,-23.103565217391306
Japan,INTERMEDIATE,6,-22.83917391304348
Japan,INTERMEDIATE,7,-22.912136363636364
Japan,INTERMEDIATE,8,-22.367545454545454
Japan,INTERMEDIATE,9,-22.207238095238093
Japan,INTERMEDIATE,10,-22.876166666666666
Japan,INTERMEDIATE,11,-23.060000000000002
Japan,INTERMEDIATE,12,-22.797
Japan,INTERMEDIATE,13,-23.281133333333337
Japan,INTERMEDIATE,14,-23.354285714285716
Japan,INTERMEDIATE,15,-23.546615384615386
Japan,INTERMEDIATE,16,-23.43246153846154
Japan,INTERMEDIATE,17,-23.131307692307693
Japan,INTERMEDIATE,18,-23.56708333333333
Japan,INTERMEDIATE,19,-23.453083333333336
Japan,INTERMEDIATE,20,-23.58375
Japan,INTERMEDIATE,21,-22.94154545454545
Japan,INTERMEDIATE,22,-22.938749999999995
Japan,INTERMEDIATE,23,-23.787
Japan,WET,1,0.0
Japan,WET,2,-1.0374285714285705
Japan,WET,3,-4.217999999999996
Japan,WET,4,-3.5915000000000035
Japan,WET,5,-4.858000000000004
Japan,WET,6,0.9509999999999934
Jeddah,HARD,1,0.0
Jeddah,HARD,2,-9.226868421052629
Jeddah,HARD,3,-8.198447368421052
Jeddah,HARD,4,-8.95435135135135
Jeddah,HARD,5,-9.966243243243243
Jeddah,HARD,6,-9.365243243243242
Jeddah,HARD,7,-9.247457142857144
Jeddah,HARD,8,-8.90914705882353
Jeddah,HARD,9,-9.771909090909089
Jeddah,HARD,10,-10.273969696969697
Jeddah,HARD,11,-9.434515151515152
Jeddah,HARD,12,-10.110909090909091
Jeddah,HARD,13,-10.612303030303028
Jeddah,HARD,14,-10.678333333333333
Jeddah,HARD,15,-10.067666666666668
Jeddah,HARD,16,-7.4353870967741935
Jeddah,HARD,17,-10.019266666666665
Jeddah,HARD,18,-4.235607142857143
Jeddah,HARD,19,-1.7981428571428577
Jeddah,HARD,20,-4.191357142857143
Jeddah,HARD,21,-9.762
Jeddah,HARD,22,-9.10217857142857
Jeddah,HARD,23,-9.648259259259259
Jeddah,HARD,24,-10.512384615384615
Jeddah,HARD,25,-11.105461538461538
Jeddah,HARD,26,-11.009653846153848
Jeddah,HARD,27,-11.135807692307692
Jeddah,HARD,28,-11.130500000000001
Jeddah,HARD,29,-10.92176923076923
Jeddah,HARD,30,-11.39904
Jeddah,HARD,31,-19.306545454545457
Jeddah,HARD,32,-14.569222222222221
Jeddah,HARD,33,-15.168500000000002
Jeddah,HARD,34,-13.007750000000001
Jeddah,HARD,35,-11.277000000000005
Jeddah,HARD,36,-12.554250000000003
Jeddah,HARD,37,-22.77066666666667
Jeddah,HARD,38,-24.03600000000001
Jeddah,HARD,39,-24.234499999999997
Jeddah,HARD,40,-29.944000000000003
Jeddah,HARD,41,-29.180000000000007
Jeddah,HARD,42,-30.338000000000008
Jeddah,HARD,43,-30.296000000000006
Jeddah,HARD,44,-30.518
Jeddah,HARD,45,-30.51400000000001
Jeddah,HARD,46,-30.18700000000001
Jeddah,MEDIUM,1,0.0
Jeddah,MEDIUM,2,-5.110473684210525
Jeddah,MEDIUM,3,-7.458842105263157
Jeddah,MEDIUM,4,-7.319921052631578
Jeddah,MEDIUM,5,-7.468342105263157
Jeddah,MEDIUM,6,-7.690131578947367
Jeddah,MEDIUM,7,-7.640236842105262
Jeddah,MEDIUM,8,-7.416263157894736
Jeddah,MEDIUM,9,-7.578083333333331
Jeddah,MEDIUM,10,-7.634885714285713
Jeddah,MEDIUM,11,-7.214029411764705
Jeddah,MEDIUM,12,-7.29753125
Jeddah,MEDIUM,13,-5.358633333333332
Jeddah,MEDIUM,14,-5.557481481481481
Jeddah,MEDIUM,15,-5.27044
Jeddah,MEDIUM,16,2.0225000000000017
Jeddah,MEDIUM,17,-4.514249999999998
Jeddah,MEDIUM,18,8.0805
Jeddah,MEDIUM,19,-3.7994999999999983
Jeddah,MEDIUM,20,-3.7504999999999953
Jeddah,MEDIUM,21,-3.8689999999999998
Jeddah,MEDIUM,22,-3.4399999999999977
Jeddah,MEDIUM,23,-4.005000000000003
Jeddah,MEDIUM,24,-3.9642499999999963
Jeddah,MEDIUM,25,-4.1015000000000015
Jeddah,MEDIUM,26,-4.261749999999999
Jeddah,MEDIUM,27,-4.291749999999997
Jeddah,MEDIUM,28,-4.133749999999996
Jeddah,MEDIUM,29,-4.494999999999997
Jeddah,MEDIUM,30,-3.847749999999998
Jeddah,SOFT,1,0.0
Jeddah,SOFT,2,-9.792333333333332
Jeddah,SOFT,3,-13.306999999999997
Jeddah,SOFT,4,-13.098
Jeddah,SOFT,5,-12.332999999999991
Jeddah,SOFT,6,-12.683999999999997
Jeddah,SOFT,7,-12.986499999999992
Jeddah,SOFT,8,-13.134499999999997
Jeddah,SOFT,9,-13.523499999999991
Jeddah,SOFT,10,-13.287999999999997
Jeddah,SOFT,11,-13.503499999999997
Jeddah,SOFT,12,-12.641499999999994
Jeddah,SOFT,13,-12.790999999999997
Jeddah,SOFT,14,-13.652499999999996
Jeddah,SOFT,15,-8.235
Jeddah,SOFT,16,-5.625
Las Vegas,HARD,1,0.0
Las Vegas,HARD,2,-23.2715
Las Vegas,HARD,3,-23.55933333333333
Las Vegas,HARD,4,-23.516000000000002
Las Vegas,HARD,5,-21.230166666666666
Las Vegas,HARD,6,-18.324749999999998
Las Vegas,HARD,7,-23.816333333333333
Las Vegas,HARD,8,-23.920666666666666
Las Vegas,HARD,9,-23.806666666666665
Las Vegas,HARD,10,-23.737222222222222
Las Vegas,HARD,11,-23.762875
Las Vegas,HARD,12,-23.083875
Las Vegas,HARD,13,-24.114285714285717
Las Vegas,HARD,14,-22.475857142857144
Las Vegas,HARD,15,-24.218999999999998
Las Vegas,HARD,16,-19.31533333333333
Las Vegas,HARD,17,-23.8146
Las Vegas,HARD,18,-24.362199999999994
Las Vegas,HARD,19,-23.063599999999997
Las Vegas,HARD,20,-12.782499999999995
Las Vegas,HARD,21,-23.448999999999998
Las Vegas,HARD,22,-23.4705
Las Vegas,HARD,23,-20.549999999999997
Las Vegas,HARD,24,-7.323999999999998
Las Vegas,HARD,25,7.292000000000002
Las Vegas,MEDIUM,1,0.0
Las Vegas,MEDIUM,2,-15.665947368421053
Las Vegas,MEDIUM,3,-17.136
Las Vegas,MEDIUM,4,-17.212000000000003
Las Vegas,MEDIUM,5,-17.288722222222223
Las Vegas,MEDIUM,6,-17.21272222222222
Las Vegas,MEDIUM,7,-17.134888888888888
Las Vegas,MEDIUM,8,-17.15822222222222
Las Vegas,MEDIUM,9,-17.192
Las Vegas,MEDIUM,10,-18.34505882352941
Las Vegas,MEDIUM,11,-18.57170588235294
Las Vegas,MEDIUM,12,-17.70207142857143
Las Vegas,MEDIUM,13,-17.507428571428573
Las Vegas,MEDIUM,14,-17.320076923076925
Las Vegas,MEDIUM,15,-17.475153846153848
Las Vegas,MEDIUM,16,-17.36276923076923
Las Vegas,MEDIUM,17,-15.107538461538459
Las Vegas,MEDIUM,18,-14.941909090909094
Las Vegas,MEDIUM,19,-12.799333333333335
Las Vegas,MEDIUM,20,-11.694333333333335
Las Vegas,MEDIUM,21,-11.83957142857143
Las Vegas,MEDIUM,22,-11.935714285714287
Las Vegas,MEDIUM,23,-13.616666666666665
Las Vegas,MEDIUM,24,-13.669500000000005
Las Vegas,MEDIUM,25,-13.794333333333334
Las Vegas,MEDIUM,26,-13.792833333333334
Las Vegas,MEDIUM,27,-13.719166666666666
Las Vegas,MEDIUM,28,-13.7765
Las Vegas,MEDIUM,29,-13.980333333333334
Las Vegas,MEDIUM,30,-12.357399999999995
Las Vegas,MEDIUM,31,-18.999666666666666
Las Vegas,MEDIUM,32,-27.274500000000003
Las Vegas,MEDIUM,33,-12.460499999999998
Las Vegas,MEDIUM,34,-15.108999999999996
Las Vegas,SOFT,1,0.0
Las Vegas,SOFT,2,-10.953000000000001
Las Vegas,SOFT,3,-11.1663125
Las Vegas,SOFT,4,-11.352562500000001
Las Vegas,SOFT,5,-10.65346666666667
Las Vegas,SOFT,6,-9.928066666666666
Las Vegas,SOFT,7,-9.787214285714287
Las Vegas,SOFT,8,-9.623214285714287
Las Vegas,SOFT,9,-8.243
Las Vegas,SOFT,10,-9.571071428571429
Las Vegas,SOFT,11,-14.393777777777778
Las Vegas,SOFT,12,-16.41116666666667
Las Vegas,SOFT,13,-24.91325
Las Vegas,SOFT,14,-25.07375
Las Vegas,SOFT,15,-21.593000000000007
Las Vegas,SOFT,16,-22.226000000000003
Las Vegas,SOFT,17,-30.38900000000001
Las Vegas,SOFT,18,-30.339
Las Vegas,SOFT,19,-30.349000000000004
Las Vegas,SOFT,20,-30.60600000000001
Mexico,HARD,1,0.0
Mexico,HARD,2,-20.071285714285715
Mexico,HARD,3,-20.466857142857144
Mexico,HARD,4,-20.456142857142858
Mexico,HARD,5,-20.053285714285717
Mexico,HARD,6,-20.344142857142856
Mexico,HARD,7,-20.178142857142856
Mexico,HARD,8,-20.217000000000002
Mexico,HARD,9,-20.179
Mexico,HARD,10,-20.546285714285712
Mexico,HARD,11,-20.281000000000002
Mexico,HARD,12,-20.546857142857142
Mexico,HARD,13,-20.44214285714286
Mexico,HARD,14,-20.174714285714284
Mexico,HARD,15,-19.872142857142858
Mexico,HARD,16,-19.85271428571429
Mexico,HARD,17,-19.84728571428571
Mexico,HARD,18,-19.84357142857143
Mexico,HARD,19,-19.542714285714283
Mexico,HARD,20,-20.15028571428571
Mexico,HARD,21,-20.203285714285716
Mexico,HARD,22,-20.11885714285714
Mexico,HARD,23,-19.95757142857143
Mexico,HARD,24,-19.666666666666668
Mexico,HARD,25,-16.819333333333333
Mexico,HARD,26,-19.819166666666668
Mexico,HARD,27,-20.053833333333333
Mexico,HARD,28,-19.890833333333333
Mexico,HARD,29,-19.74416666666667
Mexico,HARD,30,-20.2602
Mexico,HARD,31,-14.405199999999999
Mexico,HARD,32,-18.116500000000002
Mexico,HARD,33,-16.58325
Mexico,HARD,34,-19.606500000000004
Mexico,HARD,35,-19.4485
Mexico,HARD,36,-17.062333333333335
Mexico,HARD,37,-17.463333333333335
Mexico,HARD,38,-20.4315
Mexico,HARD,39,-20.180999999999997
Mexico,HARD,40,-19.883
Mexico,HARD,41,-20.201000000000008
Mexico,HARD,42,-19.648
Mexico,MEDIUM,1,0.0
Mexico,MEDIUM,2,-11.741842105263155
Mexico,MEDIUM,3,-12.005473684210523
Mexico,MEDIUM,4,-12.271578947368418
Mexico,MEDIUM,5,-12.375842105263159
Mexico,MEDIUM,6,-12.503631578947367
Mexico,MEDIUM,7,-12.357263157894735
Mexico,MEDIUM,8,-12.255684210526317
Mexico,MEDIUM,9,-12.342631578947369
Mexico,MEDIUM,10,-12.416315789473684
Mexico,MEDIUM,11,-12.28636842105263
Mexico,MEDIUM,12,-12.400947368421052
Mexico,MEDIUM,13,-12.110578947368419
Mexico,MEDIUM,14,-12.445421052631577
Mexico,MEDIUM,15,-12.326210526315789
Mexico,MEDIUM,16,-12.586105263157894
Mexico,MEDIUM,17,-12.254421052631578
Mexico,MEDIUM,18,-12.661555555555555
Mexico,MEDIUM,19,-12.614777777777778
Mexico,MEDIUM,20,-12.730722222222221
Mexico,MEDIUM,21,-11.38272222222222
Mexico,MEDIUM,22,-12.210294117647058
Mexico,MEDIUM,23,-12.078058823529412
Mexico,MEDIUM,24,-12.124
Mexico,MEDIUM,25,-12.211235294117646
Mexico,MEDIUM,26,-11.292941176470586
Mexico,MEDIUM,27,-12.27370588235294
Mexico,MEDIUM,28,-12.225235294117647
Mexico,MEDIUM,29,-12.211823529411765
Mexico,MEDIUM,30,-12.753874999999999
Mexico,MEDIUM,31,-12.511999999999997
Mexico,MEDIUM,32,-13.258399999999998
Mexico,MEDIUM,33,-12.458071428571428
Mexico,MEDIUM,34,-12.854307692307687
Mexico,MEDIUM,35,-13.768916666666668
Mexico,MEDIUM,36,-12.304499999999997
Mexico,MEDIUM,37,-12.231916666666663
Mexico,MEDIUM,38,-12.900166666666664
Mexico,MEDIUM,39,-13.589499999999997
Mexico,MEDIUM,40,-11.372999999999998
Mexico,MEDIUM,41,-15.100428571428571
Mexico,MEDIUM,42,-14.682999999999996
Mexico,MEDIUM,43,-15.06883333333333
Mexico,MEDIUM,44,-14.990599999999997
Mexico,MEDIUM,45,-15.911249999999995
Mexico,MEDIUM,46,-19.729333333333333
Mexico,MEDIUM,47,-21.547
Mexico,MEDIUM,48,-21.331000000000003
Mexico,SOFT,1,0.0
Mexico,SOFT,2,-14.614882352941176
Mexico,SOFT,3,-13.949687500000001
Mexico,SOFT,4,-14.104875
Mexico,SOFT,5,-13.929750000000002
Mexico,SOFT,6,-13.702687500000001
Mexico,SOFT,7,-13.711312500000002
Mexico,SOFT,8,-13.691562500000002
Mexico,SOFT,9,-13.752875000000003
Mexico,SOFT,10,-13.6218125
Mexico,SOFT,11,-13.112312500000002
Mexico,SOFT,12,-13.728125000000002
Mexico,SOFT,13,-13.962062500000002
Mexico,SOFT,14,-14.10625
Mexico,SOFT,15,-14.136375000000001
Mexico,SOFT,16,-13.760375000000002
Mexico,SOFT,17,-13.897375
Mexico,SOFT,18,-13.586733333333333
Mexico,SOFT,19,-12.440133333333334
Mexico,SOFT,20,-12.440133333333334
Mexico,SOFT,21,-12.838266666666668
Mexico,SOFT,22,-13.341666666666667
Mexico,SOFT,23,-12.614866666666668
Mexico,SOFT,24,-10.532416666666668
Mexico,SOFT,25,-13.510454545454548
Mexico,SOFT,26,-10.987222222222222
Mexico,SOFT,27,-14.043
Mexico,SOFT,28,-13.870375000000003
Mexico,SOFT,29,-14.435142857142855
Mexico,SOFT,30,-17.6136
Mexico,SOFT,31,-16.409000000000002
Mexico,SOFT,32,-16.398333333333337
Mexico,SOFT,33,-9.501999999999995
Mexico,SOFT,34,-9.590000000000003
Mexico,SOFT,35,-9.567999999999998
Mexico,SOFT,36,-9.448999999999998
Mexico,SOFT,37,-9.28
Mexico,SOFT,38,-5.530000000000001
Monaco,HARD,1,0.0
Monaco,HARD,2,-10.102744186046511
Monaco,HARD,3,-10.74346511627907
Monaco,HARD,4,-11.64660975609756
Monaco,HARD,5,-9.465268292682927
Monaco,HARD,6,-8.446341463414635
Monaco,HARD,7,-10.003749999999998
Monaco,HARD,8,-13.44135135135135
Monaco,HARD,9,-14.599138888888888
Monaco,HARD,10,-14.867444444444443
Monaco,HARD,11,-15.099285714285715
Monaco,HARD,12,-14.908085714285715
Monaco,HARD,13,-14.623142857142858
Monaco,HARD,14,-14.898457142857144
Monaco,HARD,15,-14.647914285714286
Monaco,HARD,16,-14.715285714285713
Monaco,HARD,17,-15.353828571428572
Monaco,HARD,18,-15.728542857142857
Monaco,HARD,19,-15.0174
Monaco,HARD,20,-14.465794117647059
Monaco,HARD,21,-15.203218750000001
Monaco,HARD,22,-15.31553125
Monaco,HARD,23,-17.9898
Monaco,HARD,24,-16.249214285714285
Monaco,HARD,25,-10.901571428571428
Monaco,HARD,26,-10.51842857142857
Monaco,HARD,27,-13.86592857142857
Monaco,HARD,28,-18.5339
Monaco,HARD,29,-18.6736
Monaco,HARD,30,-18.756
Monaco,HARD,31,-18.498649999999998
Monaco,HARD,32,-18.247799999999998
Monaco,HARD,33,-15.76025
Monaco,HARD,34,-8.673583333333331
Monaco,HARD,35,-12.188727272727272
Monaco,HARD,36,-12.369272727272726
Monaco,HARD,37,-12.788363636363634
Monaco,HARD,38,-12.838363636363635
Monaco,HARD,39,-12.90690909090909
Monaco,HARD,40,-12.897181818181815
Monaco,HARD,41,-12.79718181818182
Monaco,HARD,42,-12.761909090909091
Monaco,HARD,43,-12.82181818181818
Monaco,HARD,44,-11.224090909090908
Monaco,HARD,45,-13.183599999999998
Monaco,HARD,46,-13.212799999999998
Monaco,HARD,47,-11.483299999999996
Monaco,HARD,48,-13.17988888888889
Monaco,HARD,49,-12.301555555555552
Monaco,HARD,50,-10.176888888888888
Monaco,HARD,51,0.336222222222223
Monaco,HARD,52,0.6704000000000035
Monaco,HARD,53,1.969000000000001
Monaco,HARD,54,21.431
Monaco,HARD,55,28.63000000000001
Monaco,INTERMEDIATE,1,0.0
Monaco,INTERMEDIATE,2,-7.308214285714285
Monaco,INTERMEDIATE,3,-11.123444444444443
Monaco,INTERMEDIATE,4,-10.95853846153846
Monaco,INTERMEDIATE,5,-9.456479999999999
Monaco,INTERMEDIATE,6,-11.658136363636366
Monaco,INTERMEDIATE,7,-12.72747619047619
Monaco,INTERMEDIATE,8,-12.864333333333331
Monaco,INTERMEDIATE,9,-14.392380952380952
Monaco,INTERMEDIATE,10,-15.241809523809525
Monaco,INTERMEDIATE,11,-16.109714285714286
Monaco,INTERMEDIATE,12,-17.501333333333335
Monaco,INTERMEDIATE,13,-18.722952380952382
Monaco,INTERMEDIATE,14,-18.990571428571428
Monaco,INTERMEDIATE,15,-18.256476190476192
Monaco,INTERMEDIATE,16,-20.416571428571427
Monaco,INTERMEDIATE,17,-22.50257142857143
Monaco,INTERMEDIATE,18,-21.161095238095236
Monaco,INTERMEDIATE,19,-25.01347619047619
Monaco,INTERMEDIATE,20,-25.89038095238095
Monaco,INTERMEDIATE,21,-23.852190476190476
Monaco,INTERMEDIATE,22,-20.612333333333332
Monaco,INTERMEDIATE,23,-16.060750000000002
Monaco,INTERMEDIATE,24,-15.222666666666669
Monaco,INTERMEDIATE,25,-8.767333333333335
Monaco,INTERMEDIATE,26,-8.015
Monaco,MEDIUM,1,0.0
Monaco,MEDIUM,2,-15.639583333333333
Monaco,MEDIUM,3,-15.449791666666664
Monaco,MEDIUM,4,-16.252916666666668
Monaco,MEDIUM,5,-16.55920833333333
Monaco,MEDIUM,6,-17.013875
Monaco,MEDIUM,7,-17.022217391304345
Monaco,MEDIUM,8,-19.403
Monaco,MEDIUM,9,-19.317363636363634
Monaco,MEDIUM,10,-19.43159090909091
Monaco,MEDIUM,11,-17.91709090909091
Monaco,MEDIUM,12,-21.05928571428571
Monaco,MEDIUM,13,-21.10852380952381
Monaco,MEDIUM,14,-22.0893
Monaco,MEDIUM,15,-22.016099999999998
Monaco,MEDIUM,16,-21.769949999999998
Monaco,MEDIUM,17,-20.53315
Monaco,MEDIUM,18,-19.61115
Monaco,MEDIUM,19,-19.671157894736844
Monaco,MEDIUM,20,-20.76570588235294
Monaco,MEDIUM,21,-21.922874999999998
Monaco,MEDIUM,22,-25.00646666666666
Monaco,MEDIUM,23,-24.352933333333333
Monaco,MEDIUM,24,-23.097066666666663
Monaco,MEDIUM,25,-23.05233333333333
Monaco,MEDIUM,26,-22.898933333333332
Monaco,MEDIUM,27,-21.558466666666664
Monaco,MEDIUM,28,-24.859928571428572
Monaco,MEDIUM,29,-25.213285714285714
Monaco,MEDIUM,30,-25.12242857142857
Monaco,MEDIUM,31,-24.13357142857143
Monaco,MEDIUM,32,-25.139538461538457
Monaco,MEDIUM,33,-27.96375
Monaco,MEDIUM,34,-16.3445
Monaco,MEDIUM,35,-14.2028
Monaco,MEDIUM,36,-14.604399999999998
Monaco,MEDIUM,37,-14.649199999999999
Monaco,MEDIUM,38,-14.812800000000001
Monaco,MEDIUM,39,-14.609600000000004
Monaco,MEDIUM,40,-15.0324
Monaco,MEDIUM,41,-15.138399999999999
Monaco,MEDIUM,42,-15.215400000000002
Monaco,MEDIUM,43,-15.088
Monaco,MEDIUM,44,-15.344800000000001
Monaco,MEDIUM,45,-15.261800000000003
Monaco,MEDIUM,46,-14.752799999999999
Monaco,MEDIUM,47,-15.232000000000003
Monaco,MEDIUM,48,-15.265
Monaco,MEDIUM,49,-15.1052
Monaco,MEDIUM,50,-11.3156
Monaco,MEDIUM,51,-12.325249999999993
Monaco,MEDIUM,52,-7.261249999999998
Monaco,MEDIUM,53,9.986
Monaco,MEDIUM,54,-5.569000000000003
Monaco,MEDIUM,55,10.320500000000004
Monaco,MEDIUM,56,-26.11
Monaco,MEDIUM,57,-24.267
Monaco,MEDIUM,58,-20.692000000000007
Monaco,MEDIUM,59,-25.504999999999995
Monaco,MEDIUM,60,-25.655
Monaco,SOFT,1,0.0
Monaco,SOFT,2,-5.8644999999999925
Monaco,SOFT,3,0.8999999999999986
Monaco,SOFT,4,-5.911999999999999
Monaco,SOFT,5,-6.302
Monaco,SOFT,6,-5.1325
Monaco,SOFT,7,-6.221499999999999
Monaco,SOFT,8,-3.189000000000007
Monaco,SOFT,9,-3.3799999999999955
Monaco,SOFT,10,-3.338000000000008
Monaco,SOFT,11,-3.0160000000000053
Monaco,SOFT,12,-2.043999999999997
Monaco,SOFT,13,-3.3100000000000023
Monaco,SOFT,14,-3.2990000000000066
Monaco,SOFT,15,-0.6650000000000063
Monaco,SOFT,16,0.3529999999999944
Monaco,SOFT,17,-1.213000000000008
Monaco,SOFT,18,-2.1629999999999967
Monaco,SOFT,19,-2.057000000000002
Monaco,SOFT,20,-1.909000000000006
Monaco,SOFT,21,1.4429999999999978
Monaco,SOFT,22,-1.0640000000000072
Monaco,SOFT,23,-1.6539999999999964
Monaco,SOFT,24,-1.7720000000000056
Monaco,SOFT,25,-1.4699999999999989
Monaco,SOFT,26,1.445999999999998
Monaco,SOFT,27,2.4380000000000024
Monaco,SOFT,28,11.703000000000005
Monaco,SOFT,29,37.236
Monaco,WET,1,0.0
Monaco,WET,2,1.6422499999999953
Monaco,WET,3,-10.160250000000008
Monaco,WET,4,-11.348750000000006
Monaco,WET,5,-11.603250000000006
Monaco,WET,6,-13.215250000000001
Monaco,WET,7,-14.020750000000003
Monaco,WET,8,-13.941750000000003
Monaco,WET,9,-14.049250000000004
Monaco,WET,10,-15.421250000000004
Monaco,WET,11,-13.493000000000006
Monaco,WET,12,-14.646250000000006
Monaco,WET,13,-10.695000000000004
Monaco,WET,14,-17.709333333333337
Monaco,WET,15,-22.679500000000004
Monaco,WET,16,-22.978
Monaco,WET,17,-25.561
Monaco,WET,18,-34.72500000000001
Netherlands,HARD,1,0.0
Netherlands,HARD,2,-21.182882352941174
Netherlands,HARD,3,-20.501941176470588
Netherlands,HARD,4,-19.82588235294118
Netherlands,HARD,5,-18.630058823529414
Netherlands,HARD,6,-19.811529411764706
Netherlands,HARD,7,-20.68605882352941
Netherlands,HARD,8,-20.08070588235294
Netherlands,HARD,9,-18.006562499999998
Netherlands,HARD,10,-18.5911875
Netherlands,HARD,11,-18.0499375
Netherlands,HARD,12,-18.329133333333335
Netherlands,HARD,13,-13.262
Netherlands,HARD,14,-15.6315
Netherlands,HARD,15,-17.693099999999998
Netherlands,HARD,16,-15.1056
Netherlands,HARD,17,-14.809555555555555
Netherlands,HARD,18,-15.99425
Netherlands,HARD,19,-15.012142857142859
Netherlands,HARD,20,-12.068666666666664
Netherlands,HARD,21,-13.6898
Netherlands,HARD,22,-17.2652
Netherlands,HARD,23,-18.156
Netherlands,HARD,24,-14.3216
Netherlands,HARD,25,-20.46325
Netherlands,HARD,26,-20.176000000000002
Netherlands,HARD,27,-19.912999999999997
Netherlands,HARD,28,-17.593750000000004
Netherlands,HARD,29,-14.840333333333334
Netherlands,HARD,30,-5.796000000000002
Netherlands,HARD,31,-10.805499999999997
Netherlands,HARD,32,-18.9715
Netherlands,HARD,33,-19.61
Netherlands,HARD,34,-19.643500000000003
Netherlands,HARD,35,-12.333000000000006
Netherlands,HARD,36,-20.125
Netherlands,HARD,37,-17.930000000000007
Netherlands,HARD,38,12.084000000000003
Netherlands,MEDIUM,1,0.0
Netherlands,MEDIUM,2,-17.7176
Netherlands,MEDIUM,3,-20.599120000000003
Netherlands,MEDIUM,4,-22.301560000000006
Netherlands,MEDIUM,5,-22.43096
Netherlands,MEDIUM,6,-22.320880000000002
Netherlands,MEDIUM,7,-22.23224
Netherlands,MEDIUM,8,-21.16128
Netherlands,MEDIUM,9,-20.1334347826087
Netherlands,MEDIUM,10,-19.107695652173913
Netherlands,MEDIUM,11,-19.126826086956523
Netherlands,MEDIUM,12,-19.717391304347824
Netherlands,MEDIUM,13,-18.76721739130435
Netherlands,MEDIUM,14,-19.448857142857143
Netherlands,MEDIUM,15,-19.66521052631579
Netherlands,MEDIUM,16,-17.542277777777784
Netherlands,MEDIUM,17,-17.578705882352942
Netherlands,MEDIUM,18,-16.969250000000002
Netherlands,MEDIUM,19,-17.768066666666673
Netherlands,MEDIUM,20,-17.073785714285716
Netherlands,MEDIUM,21,-16.186500000000006
Netherlands,MEDIUM,22,-16.86988888888889
Netherlands,MEDIUM,23,-16.719375
Netherlands,MEDIUM,24,-17.112250000000003
Netherlands,MEDIUM,25,-16.94525
Netherlands,MEDIUM,26,-16.567125
Netherlands,MEDIUM,27,-16.30333333333333
Netherlands,MEDIUM,28,-15.5675
Netherlands,MEDIUM,29,-14.214000000000002
Netherlands,MEDIUM,30,-1.6614999999999895
Netherlands,MEDIUM,31,-5.157999999999987
Netherlands,SOFT,1,0.0
Netherlands,SOFT,2,-12.280763157894738
Netherlands,SOFT,3,-17.993868421052632
Netherlands,SOFT,4,-24.863026315789476
Netherlands,SOFT,5,-25.180815789473687
Netherlands,SOFT,6,-25.2896052631579
Netherlands,SOFT,7,-24.675
Netherlands,SOFT,8,-22.193210526315788
Netherlands,SOFT,9,-21.271416666666667
Netherlands,SOFT,10,-22.41536363636364
Netherlands,SOFT,11,-22.283516129032257
Netherlands,SOFT,12,-23.224275862068968
Netherlands,SOFT,13,-24.13518518518519
Netherlands,SOFT,14,-25.26404
Netherlands,SOFT,15,-23.60885
Netherlands,SOFT,16,-17.56533333333333
Netherlands,SOFT,17,-9.7694
Netherlands,SOFT,18,-10.05425
Netherlands,SOFT,19,-18.108000000000004
Netherlands,SOFT,20,-18.501000000000005
Netherlands,SOFT,21,-19.001000000000005
Netherlands,SOFT,22,-18.75500000000001
Netherlands,SOFT,23,-18.848
Netherlands,SOFT,24,-18.14800000000001
Netherlands,SOFT,25,-14.28200000000001
Silverstone,HARD,1,0.0
Silverstone,HARD,2,-23.2715
Silverstone,HARD,3,-23.55933333333333
Silverstone,HARD,4,-23.516000000000002
Silverstone,HARD,5,-21.230166666666666
Silverstone,HARD,6,-18.324749999999998
Silverstone,HARD,7,-23.816333333333333
Silverstone,HARD,8,-23.920666666666666
Silverstone,HARD,9,-23.806666666666665
Silverstone,HARD,10,-23.737222222222222
Silverstone,HARD,11,-23.762875
Silverstone,HARD,12,-23.083875
Silverstone,HARD,13,-24.114285714285717
Silverstone,HARD,14,-22.475857142857144
Silverstone,HARD,15,-24.218999999999998
Silverstone,HARD,16,-19.31533333333333
Silverstone,HARD,17,-23.8146
Silverstone,HARD,18,-24.362199999999994
Silverstone,HARD,19,-23.063599999999997
Silverstone,HARD,20,-12.782499999999995
Silverstone,HARD,21,-23.448999999999998
Silverstone,HARD,22,-23.4705
Silverstone,HARD,23,-20.549999999999997
Silverstone,HARD,24,-7.323999999999998
Silverstone,HARD,25,7.292000000000002
Silverstone,MEDIUM,1,0.0
Silverstone,MEDIUM,2,-15.665947368421053
Silverstone,MEDIUM,3,-17.136
Silverstone,MEDIUM,4,-17.212000000000003
Silverstone,MEDIUM,5,-17.288722222222223
Silverstone,MEDIUM,6,-17.21272222222222
Silverstone,MEDIUM,7,-17.134888888888888
Silverstone,MEDIUM,8,-17.15822222222222
Silverstone,MEDIUM,9,-17.192
Silverstone,MEDIUM,10,-18.34505882352941
Silverstone,MEDIUM,11,-18.57170588235294
Silverstone,MEDIUM,12,-17.70207142857143
Silverstone,MEDIUM,13,-17.507428571428573
Silverstone,MEDIUM,14,-17.320076923076925
Silverstone,MEDIUM,15,-17.475153846153848
Silverstone,MEDIUM,16,-17.36276923076923
Silverstone,MEDIUM,17,-15.107538461538459
Silverstone,MEDIUM,18,-14.941909090909094
Silverstone,MEDIUM,19,-12.799333333333335
Silverstone,MEDIUM,20,-11.694333333333335
Silverstone,MEDIUM,21,-11.83957142857143
Silverstone,MEDIUM,22,-11.935714285714287
Silverstone,MEDIUM,23,-13.616666666666665
Silverstone,MEDIUM,24,-13.669500000000005
Silverstone,MEDIUM,25,-13.794333333333334
Silverstone,MEDIUM,26,-13.792833333333334
Silverstone,MEDIUM,27,-13.719166666666666
Silverstone,MEDIUM,28,-13.7765
Silverstone,MEDIUM,29,-13.980333333333334
Silverstone,MEDIUM,30,-12.357399999999995
Silverstone,MEDIUM,31,-18.999666666666666
Silverstone,MEDIUM,32,-27.274500000000003
Silverstone,MEDIUM,33,-12.460499999999998
Silverstone,MEDIUM,34,-15.108999999999996
Silverstone,SOFT,1,0.0
Silverstone,SOFT,2,-10.953000000000001
Silverstone,SOFT,3,-11.1663125
Silverstone,SOFT,4,-11.352562500000001
Silverstone,SOFT,5,-10.65346666666667
Silverstone,SOFT,6,-9.928066666666666
Silverstone,SOFT,7,-9.787214285714287
Silverstone,SOFT,8,-9.623214285714287
Silverstone,SOFT,9,-8.243
Silverstone,SOFT,10,-9.571071428571429
Silverstone,SOFT,11,-14.393777777777778
Silverstone,SOFT,12,-16.41116666666667
Silverstone,SOFT,13,-24.91325
Silverstone,SOFT,14,-25.07375
Silverstone,SOFT,15,-21.593000000000007
Silverstone,SOFT,16,-22.226000000000003
Silverstone,SOFT,17,-30.38900000000001
Silverstone,SOFT,18,-30.339
Silverstone,SOFT,19,-30.349000000000004
Silverstone,SOFT,20,-30.60600000000001
Singapore,INTERMEDIATE,1,0.0
Singapore,INTERMEDIATE,2,-9.969904761904761
Singapore,INTERMEDIATE,3,-11.609285714285715
Singapore,INTERMEDIATE,4,-12.42147619047619
Singapore,INTERMEDIATE,5,-12.78452380952381
Singapore,INTERMEDIATE,6,-12.89704761904762
Singapore,INTERMEDIATE,7,-11.665421052631581
Singapore,INTERMEDIATE,8,4.661555555555558
Singapore,INTERMEDIATE,9,-9.653222222222224
Singapore,INTERMEDIATE,10,-13.163111111111114
Singapore,INTERMEDIATE,11,-13.08738888888889
Singapore,INTERMEDIATE,12,-12.144333333333334
Singapore,INTERMEDIATE,13,-11.965277777777779
Singapore,INTERMEDIATE,14,-13.611833333333333
Singapore,INTERMEDIATE,15,-13.704277777777778
Singapore,INTERMEDIATE,16,-13.903055555555556
Singapore,INTERMEDIATE,17,-12.761000000000003
Singapore,INTERMEDIATE,18,-14.298555555555557
Singapore,INTERMEDIATE,19,-2.7574117647058825
Singapore,INTERMEDIATE,20,-1.8217058823529437
Singapore,INTERMEDIATE,21,-13.055500000000002
Singapore,INTERMEDIATE,22,-14.742500000000005
Singapore,INTERMEDIATE,23,-4.200062500000002
Singapore,INTERMEDIATE,24,-2.8492142857142873
Singapore,INTERMEDIATE,25,-7.4066923076923095
Singapore,INTERMEDIATE,26,1.0466153846153896
Singapore,INTERMEDIATE,27,-14.969153846153846
Singapore,INTERMEDIATE,28,-15.574692307692308
Singapore,INTERMEDIATE,29,-13.66523076923077
Singapore,INTERMEDIATE,30,-12.384416666666665
Singapore,INTERMEDIATE,31,-11.205
Singapore,INTERMEDIATE,32,-5.435666666666663
Singapore,MEDIUM,1,0.0
Singapore,MEDIUM,2,-1.926999999999999
Singapore,MEDIUM,3,-4.824909090909091
Singapore,MEDIUM,4,-6.013799999999999
Singapore,MEDIUM,5,-7.1298
Singapore,MEDIUM,6,-7.478300000000002
Singapore,MEDIUM,7,-8.197099999999999
Singapore,MEDIUM,8,-9.225399999999999
Singapore,MEDIUM,9,-8.69811111111111
Singapore,MEDIUM,10,-8.975000000000001
Singapore,MEDIUM,11,-9.110222222222221
Singapore,MEDIUM,12,-9.24422222222222
Singapore,MEDIUM,13,-9.255
Singapore,MEDIUM,14,-9.735999999999999
Singapore,MEDIUM,15,-9.896222222222221
Singapore,MEDIUM,16,-9.967555555555556
Singapore,MEDIUM,17,-10.125555555555556
Singapore,MEDIUM,18,-9.792333333333334
Singapore,MEDIUM,19,-9.751222222222223
Singapore,MEDIUM,20,-9.332444444444445
Singapore,MEDIUM,21,-12.810499999999998
Singapore,MEDIUM,22,-18.90300000000001
Singapore,SOFT,1,0.0
Singapore,SOFT,2,0.06166666666666513
Singapore,SOFT,3,-2.785500000000001
Singapore,SOFT,4,-3.586333333333336
Singapore,SOFT,5,-5.112833333333337
Singapore,SOFT,6,-7.071000000000003
Singapore,SOFT,7,-5.951000000000005
Singapore,SOFT,8,-8.201800000000002
Singapore,SOFT,9,-5.7156000000000065
Singapore,SOFT,10,-9.332249999999998
Singapore,SOFT,11,-9.471750000000004
Singapore,SOFT,12,-8.968
Singapore,SOFT,13,-8.51875
Singapore,SOFT,14,-8.582250000000002
Singapore,SOFT,15,-9.508499999999998
Singapore,SOFT,16,-9.370999999999999
Singapore,SOFT,17,-9.767000000000005
Singapore,SOFT,18,-9.631000000000006
Singapore,SOFT,19,-12.672000000000004
Singapore,SOFT,20,-12.388000000000005
Singapore,SOFT,21,-14.701000000000008
Singapore,SOFT,22,-15.573000000000008
Spain,HARD,1,0.0
Spain,HARD,2,-21.209478260869567
Spain,HARD,3,-21.265695652173914
Spain,HARD,4,-21.149652173913044
Spain,HARD,5,-20.86495652173913
Spain,HARD,6,-21.03613043478261
Spain,HARD,7,-20.960391304347826
Spain,HARD,8,-20.96591304347826
Spain,HARD,9,-20.728521739130436
Spain,HARD,10,-20.73878260869565
Spain,HARD,11,-21.020304347826087
Spain,HARD,12,-20.560695652173912
Spain,HARD,13,-20.729304347826087
Spain,HARD,14,-20.62413043478261
Spain,HARD,15,-20.688695652173916
Spain,HARD,16,-20.27130434782609
Spain,HARD,17,-20.73122727272727
Spain,HARD,18,-20.875714285714285
Spain,HARD,19,-20.92375
Spain,HARD,20,-21.342157894736843
Spain,HARD,21,-20.777526315789476
Spain,HARD,22,-20.02
Spain,HARD,23,-20.082533333333334
Spain,HARD,24,-20.366285714285713
Spain,HARD,25,-20.48992307692308
Spain,HARD,26,-20.238636363636363
Spain,HARD,27,-20.23788888888889
Spain,HARD,28,-20.648285714285713
Spain,HARD,29,-19.84742857142857
Spain,HARD,30,-20.2442
Spain,HARD,31,-19.81725
Spain,HARD,32,-19.295999999999996
Spain,HARD,33,-17.889500000000005
Spain,HARD,34,-15.668500000000002
Spain,HARD,35,-17.16600000000001
Spain,MEDIUM,1,0.0
Spain,MEDIUM,2,-18.44153488372093
Spain,MEDIUM,3,-18.316279069767443
Spain,MEDIUM,4,-18.17686046511628
Spain,MEDIUM,5,-18.119558139534885
Spain,MEDIUM,6,-17.606093023255813
Spain,MEDIUM,7,-17.92047619047619
Spain,MEDIUM,8,-17.836285714285715
Spain,MEDIUM,9,-17.621285714285715
Spain,MEDIUM,10,-17.70721951219512
Spain,MEDIUM,11,-17.63058536585366
Spain,MEDIUM,12,-17.57051219512195
Spain,MEDIUM,13,-17.60017073170732
Spain,MEDIUM,14,-17.339439024390245
Spain,MEDIUM,15,-17.394918918918922
Spain,MEDIUM,16,-17.51282857142857
Spain,MEDIUM,17,-17.404911764705883
Spain,MEDIUM,18,-17.03528125
Spain,MEDIUM,19,-17.5896
Spain,MEDIUM,20,-17.32746428571429
Spain,MEDIUM,21,-17.117
Spain,MEDIUM,22,-17.294050000000002
Spain,MEDIUM,23,-17.063375
Spain,MEDIUM,24,-16.872230769230768
Spain,MEDIUM,25,-17.253615384615383
Spain,MEDIUM,26,-16.197615384615386
Spain,MEDIUM,27,-17.617375
Spain,MEDIUM,28,-17.24866666666667
Spain,MEDIUM,29,-17.055000000000003
Spain,MEDIUM,30,-17.628666666666664
Spain,MEDIUM,31,-16.605666666666664
Spain,MEDIUM,32,-17.045333333333332
Spain,MEDIUM,33,-17.185000000000002
Spain,MEDIUM,34,-15.90700000000001
Spain,MEDIUM,35,-15.759
Spain,SOFT,1,0.0
Spain,SOFT,2,-13.153701492537316
Spain,SOFT,3,-13.318328358208957
Spain,SOFT,4,-13.414567164179106
Spain,SOFT,5,-13.24323880597015
Spain,SOFT,6,-13.132424242424245
Spain,SOFT,7,-12.80209090909091
Spain,SOFT,8,-12.788954545454548
Spain,SOFT,9,-12.628938461538462
Spain,SOFT,10,-12.54831746031746
Spain,SOFT,11,-13.278232142857144
Spain,SOFT,12,-13.650358490566038
Spain,SOFT,13,-13.580122448979592
Spain,SOFT,14,-14.52795238095238
Spain,SOFT,15,-14.854333333333336
Spain,SOFT,16,-14.924125
Spain,SOFT,17,-14.564428571428573
Spain,SOFT,18,-14.814086956521741
Spain,SOFT,19,-14.462300000000003
Spain,SOFT,20,-14.264375000000001
Spain,SOFT,21,-12.989083333333333
Spain,SOFT,22,-13.983000000000004
Spain,SOFT,23,-13.993
Spain,SOFT,24,-12.390600000000006
Spain,SOFT,25,-11.718333333333334
USA,HARD,1,0.0
USA,HARD,2,-12.018318181818183
USA,HARD,3,-11.779800000000002
USA,HARD,4,-11.569850000000002
USA,HARD,5,-11.629000000000001
USA,HARD,6,-10.97321052631579
USA,HARD,7,-10.939052631578948
USA,HARD,8,-10.737157894736844
USA,HARD,9,-10.670263157894738
USA,HARD,10,-10.64421052631579
USA,HARD,11,-10.635789473684213
USA,HARD,12,-10.587684210526316
USA,HARD,13,-10.280157894736845
USA,HARD,14,-10.518052631578948
USA,HARD,15,-10.670578947368423
USA,HARD,16,-10.432210526315792
USA,HARD,17,-10.552631578947372
USA,HARD,18,-10.628368421052633
USA,HARD,19,-10.52063157894737
USA,HARD,20,-10.071000000000002
USA,HARD,21,-9.396055555555558
USA,HARD,22,-11.202823529411766
USA,HARD,23,-9.710764705882355
USA,HARD,24,-8.547125000000001
USA,HARD,25,-11.3646
USA,HARD,26,-10.620333333333333
USA,HARD,27,-9.512214285714284
USA,HARD,28,-7.4944615384615405
USA,HARD,29,-7.448153846153848
USA,HARD,30,-8.374166666666666
USA,HARD,31,-10.068500000000002
USA,HARD,32,-7.784916666666665
USA,HARD,33,-11.488000000000001
USA,HARD,34,-11.637545454545455
USA,HARD,35,-11.036181818181818
USA,HARD,36,-13.119
USA,HARD,37,-13.072300000000002
USA,HARD,38,-13.068900000000003
USA,HARD,39,-12.807800000000004
USA,HARD,40,-13.1778
USA,HARD,41,-10.588600000000001
USA,HARD,42,-6.910000000000004
USA,HARD,43,-7.5797
USA,HARD,44,-5.605300000000002
USA,HARD,45,-4.294222222222225
USA,HARD,46,-9.227888888888891
USA,HARD,47,-7.1675555555555555
USA,HARD,48,-11.513555555555557
USA,HARD,49,-12.341444444444445
USA,HARD,50,-12.361111111111112
USA,HARD,51,-12.124000000000002
USA,HARD,52,-12.064111111111112
USA,HARD,53,-11.98877777777778
USA,HARD,54,-12.094000000000003
USA,HARD,55,-11.478875
USA,HARD,56,-9.52216666666667
USA,HARD,57,-7.782000000000002
USA,HARD,58,-18.2025
USA,HARD,59,-17.858000000000004
USA,HARD,60,-35.21700000000001
USA,MEDIUM,1,0.0
USA,MEDIUM,2,-11.009
USA,MEDIUM,3,-11.689956521739132
USA,MEDIUM,4,-11.741782608695651
USA,MEDIUM,5,-11.62986956521739
USA,MEDIUM,6,-11.379521739130434
USA,MEDIUM,7,-11.503636363636366
USA,MEDIUM,8,-11.444590909090909
USA,MEDIUM,9,-11.429227272727273
USA,MEDIUM,10,-11.30859090909091
USA,MEDIUM,11,-10.991272727272728
USA,MEDIUM,12,-11.211300000000001
USA,MEDIUM,13,-11.612687500000002
USA,MEDIUM,14,-10.397785714285716
USA,MEDIUM,15,-10.73723076923077
USA,MEDIUM,16,-11.046833333333334
USA,MEDIUM,17,-12.707899999999999
USA,MEDIUM,18,-12.6466
USA,MEDIUM,19,-11.055300000000003
USA,MEDIUM,20,-10.9847
USA,MEDIUM,21,-13.127299999999996
USA,MEDIUM,22,-11.2593
USA,MEDIUM,23,-6.741499999999999
USA,MEDIUM,24,-10.8342
USA,MEDIUM,25,-11.593699999999998
USA,MEDIUM,26,-13.267000000000001
USA,MEDIUM,27,-14.142444444444445
USA,MEDIUM,28,-13.350124999999998
USA,MEDIUM,29,-13.18657142857143
USA,MEDIUM,30,-13.369666666666667
USA,MEDIUM,31,-9.594666666666667
USA,MEDIUM,32,-19.453999999999997
USA,MEDIUM,33,-15.722
USA,MEDIUM,34,-15.481
USA,MEDIUM,35,-19.7452
USA,MEDIUM,36,-19.72475
USA,MEDIUM,37,-14.648000000000003
USA,MEDIUM,38,-14.98525
USA,MEDIUM,39,-19.974000000000004
USA,MEDIUM,40,-19.725500000000004
USA,MEDIUM,41,-19.764
USA,MEDIUM,42,-20.313666666666666
USA,MEDIUM,43,-19.817333333333337
USA,MEDIUM,44,-19.468000000000004
USA,MEDIUM,45,-19.134500000000003
USA,MEDIUM,46,-19.752500000000005
USA,MEDIUM,47,-18.540000000000006
USA,MEDIUM,48,-18.565
USA,MEDIUM,49,-18.414
USA,MEDIUM,50,-18.655
